,0,1,2,3,4,5,6,7,8,9,10,11,12,13,14,15,16,17,18,19
0,-1.570367672046998,-0.8464085965594252,0.5640051785022253,0.6818484718635923,-1.6638839368433798,0.9165861870772638,1.8057184565643891,-0.7997018269324703,0.9669170120349198,0.8837550446212777,1.2565034801884871,-1.8744384882561915,-1.398031763635695,1.853658507062718,1.873558937364851,1.8507813582225552,0.4972256245424361,0.41011953527925815,0.7165807733606121,N
1,0.2529469165085592,-2.0266438884763405,1.5055624973414294,-1.2008778943394922,0.14521388858762005,-1.2361954573012723,0.7583067268206053,0.6157590748150061,-0.4983060201098429,-0.7609899961630084,-0.8894053080583902,-0.14354891305007758,0.9202492003421886,0.4318910698164009,0.10504156753374104,0.0511591612021534,1.458421147953069,-0.9369676147950916,-0.5404695424193068,N
2,-0.2701391259021055,-1.4384480999419236,1.6679780399004978,-0.8119569309093209,-0.2275773270589106,-0.4130618135383338,0.8074375651899712,0.35970413540419743,-0.4739026746156106,-0.41398254938217627,-0.29797122215702404,-0.7828877103560477,0.19310921869224668,0.7230043351774682,0.2506692915933792,0.3449399760820225,1.4458720565881942,-0.8477751022557648,-0.4678849223565786,P
3,0.4407500178907547,-2.001118762645739,1.7032159498411448,-1.4171746777991123,0.5045305710372427,-1.3772696888325675,0.6545304672291499,0.6263992947078039,-0.5671746191215838,-0.9594815156343884,-1.0128966465066611,-0.13338887753882206,1.1938901315578156,0.32303167658060183,-0.15077241456345947,-0.20299681701016767,1.599629071987906,-1.4195580515979829,-0.7575957894857823,N
4,1.0188502487159914,-2.1093588438154867,1.902930707994076,-1.5847632914575809,0.7632311465672418,-1.714321769934844,0.3433863052650505,0.5302744358128907,-1.2643800442731543,-0.8862490649188399,-1.3141431291889287,0.13436284900466428,1.5693189193238046,0.11063245505914593,0.25911959107246285,-0.3743868604149142,1.6013331142274014,-1.60025828115722,-0.8184704791547599,N
5,-2.198278321551419,-0.8544756645858976,0.3024935418106966,0.8398457815002758,-1.8499193406400816,1.1730814650538044,2.3510681927796533,-1.3789795005273096,1.4308395570931012,1.2828574284882541,1.5069025347786458,-2.1477191382248004,-1.1892341096899126,2.2309534530416224,1.4377403736590375,2.010651403614157,0.3678642952330225,0.6474281021446874,1.1775137639094329,N
6,0.4759401928810137,-2.1157339488457136,1.8150645811572288,-1.6837029339372234,0.7925335302595891,-1.373321143434468,0.5513198624143235,0.8169816437810377,-0.4292000648712353,-1.118507316585926,-1.233784147895348,-0.12311305640153103,1.429278933213557,0.17715731293731524,-0.42883269416475,-0.4785068775137469,1.9528009982273808,-1.2495738111132015,-1.038133780361973,N
7,0.5636178601339672,-1.7246074631113413,1.2434453345255314,-0.620902706093171,-0.09363036372178196,-0.8664097723098924,0.8557104168818332,-0.202556832542616,-0.12999950361905432,-0.10783311477178617,-0.2605661319837773,-0.3616354036218747,0.4721357030568464,0.7516796694280738,1.166315945445437,0.4996675033941621,0.8318897980476053,-1.2727335150811536,0.07684387313928766,N
8,-0.5750414028511831,-1.4210570234302144,1.772290206963986,-0.9908703949799552,0.11589042314821467,-0.6961728021078314,1.0590136320396253,0.3017745806134665,-0.3614131017878348,-0.6556069924401844,-0.27040543145640744,-0.7397693231261212,0.6945231001193768,0.6830114522982788,-0.3944658888707567,0.14777163574846322,1.8485757465346615,-1.4863885189411057,-0.8175634445314516,P
9,0.9261194879709244,-2.1480722360969104,1.4730640594241935,-1.0229260686607986,0.6914662627389151,-0.8796438964098322,-1.1600095577617142,2.933812333469683,0.5363227879066907,-2.2269612292078533,-0.5632219292122288,-1.2791801911142149,-1.8798014786033144,-0.8195646183421222,1.0505458763553686,-0.20047851991554666,0.8112114510844305,-3.60964328632988,-0.7722988826898609,N
10,0.5651234548909074,-1.6029744780149058,1.267067656742706,-0.6012106424711133,-0.08665454178488732,-0.5874578976746404,0.7393155455275523,-0.0630793620007446,0.3820334198112498,-0.16487602009238247,-0.1916755070570072,-0.5386389260409671,0.17599280172749332,0.7476850485529407,1.0726698168628743,0.4921631593370042,0.8078951334207534,-1.1895578552585409,0.09585007753251157,N
11,0.05028094970249545,-1.6214181003325832,1.8410590375646032,-1.4434169978802447,0.4811029334491369,-1.093203228408243,0.3978820424326563,0.8265701401824075,-0.9144896659040204,-1.0700168538403594,-0.8998350234380292,-0.24453905860451536,0.9653573864589952,0.14639400284183027,-0.4859713281945536,-0.2872303152647905,1.8044509498784715,-1.4937179149828357,-1.1521639774781254,N
12,-0.5190049985419112,-1.1021362063547184,1.418197326997295,-0.5648128933413986,-0.4117097587196475,-0.09113314129548264,0.8940422860819962,0.011072948379053748,-0.2770524120809396,-0.17720324849255495,0.10291961033993716,-0.7703363434357262,-0.07350110924530373,0.8252931080419021,0.3167050849414024,0.5595210011289792,1.2029174442492163,-0.8446735987745829,-0.3878671403277122,N
13,0.7003042195770219,-1.920682524397423,1.61068648166373,-1.3715134556089006,0.4977855248346349,-1.359754454885768,0.4772690502882591,0.5905943204736528,-0.5379091522591899,-0.8446676060044037,-1.1510551622887168,-0.021031133109341942,1.2338206495792194,0.20840292158946536,-0.2463774143321256,-0.31099571919714103,1.3833715429564148,-1.098467160919175,-0.5012096340764922,N
14,-0.2784662387291294,-1.1894101434027209,0.7565958726115551,0.02212213551703562,-0.8031638137358815,0.05088689502629342,1.1969109164503111,-0.43384919401284655,0.7767458928586888,0.3422946257543608,0.4436958558958648,-0.9069390548396964,-0.4951327011934306,1.1857891209737819,1.4639211824113176,1.1043701619733348,0.5308877360954383,-0.328565090167334,0.3949319730975899,N
15,0.35175294583833266,-1.9769681387046545,1.534867600342547,-1.5050923787680677,0.6209316462086821,-1.3501227239788849,0.3918364818831197,0.8134790031117666,-0.9785901488645304,-1.0622286630450757,-1.1114921417727457,0.029386571191287587,1.302362153586691,0.06839772938641178,-0.20251905883919308,-0.4240535394412732,1.7618840968627734,-1.001996145227413,-1.0778446553637626,N
16,-0.42611765829770376,-1.5587546710402562,1.5660417588401283,-1.0815140186120402,0.30298381321908785,-0.8607292283213202,0.7629916936465455,0.4892684726553196,-0.7562793867981874,-0.7459553751252743,-0.4887410276823329,-0.4845508983462831,0.8636911559565977,0.438308941982252,-0.30975665986600776,-0.031058846317455695,1.7191932407630883,-1.3148773261028956,-0.8543125058869178,P
17,-2.3466148397521334,-0.8212539525323298,-0.3776785952608391,1.1251706042904963,-2.1568959117336353,1.5978839587933518,2.3538898779009245,-1.5409218325059175,2.1144318502600403,1.4709419046429333,1.7702631335811452,-2.2727292588068884,-1.6484734782067043,2.3086444776613044,1.6255982042528287,2.1606526072721293,-0.14531633282185552,1.3089837578470491,1.5551756506672283,N
18,-0.23583641390356125,-1.384126680691272,1.4747994456600146,-1.1104185337120906,0.19948165750042174,-0.7242409018586987,0.3755733954670144,0.9441493894657452,-0.6898919730060957,-1.012597557945474,-0.5531935711826106,-0.3517663747476636,0.34959535018626925,0.20517172737983014,-0.2363840195082173,-0.051842425821847817,1.544932994121704,-1.1769689076990189,-1.0968764581417465,N
19,-0.16980982203522693,-1.4969977199155655,1.3328615062190583,-0.9120761045336216,0.12810103525175778,-1.0920970118223747,0.6214021772135141,0.6839702631988515,-0.9827077044032196,-0.7621199189593894,-0.6207326913928235,-0.2387426859420199,0.6995180923936559,0.315608967876227,0.17322247118176776,0.09238953015891876,1.404868458379099,-0.9553289535292214,-0.7626290045001759,N
20,-0.5327524796546811,-1.074301740222282,1.4886853306959689,-0.8652491403287883,0.028871200360790893,-0.2169134866551951,0.5493053045808275,0.6274842507637924,-0.3253118447729097,-0.7286139649454145,-0.15721747949513104,-0.6716979877843874,0.06846948396724688,0.4740869287446523,-0.20253860148529615,0.14337196207571315,1.5315976222342054,-1.1427011021862834,-0.9648936755866904,P
21,0.4944557430051754,-1.7381695833498625,1.4478533299476508,-1.0877114543210489,0.46335689162576704,-1.4000933009481498,0.5031603048005648,0.3943471020544806,-0.8974642217311191,-0.7406568814114911,-0.7737386363593871,-0.09612182935557427,1.1054566501161929,0.22526756498812694,0.3704020161913468,-0.10488216466508216,1.3797111411948944,-1.5057129162166951,-0.6707920007799673,N
22,-0.09142329734623264,-1.3814145097388475,1.4296935858530484,-0.9381889667773438,0.2050585932647648,-1.0158807271171828,0.602413833890746,0.5312835131287873,-0.8343584708957936,-0.704623612096861,-0.5546399957575502,-0.26157213381916794,0.7269504830450442,0.3323128837900024,-0.010747566773573846,0.050578361321859694,1.4044647388366178,-1.2099473451062754,-0.7510890690042217,N
23,-0.07987373344598121,-1.244031584607719,0.7828609800732393,-0.3056803131720301,-0.44409280444293614,-0.04597846458540453,0.6904418073650193,0.10837562955098863,0.33353415062300223,-0.0628567657339382,0.13664222404381995,-0.5811717822439786,-0.4012395237630216,0.7496706078043429,1.0236016321720434,0.6646685425695192,0.6721718475178788,-0.4343945676051357,-0.048231135975056696,P
24,0.5575061496242112,-1.871379711218375,1.6040106667408087,-1.5739257096080117,0.8283001307355641,-1.4104266499493907,0.4475503785574947,0.7269890623772572,-0.5029509742263127,-1.0812745805996362,-1.219412032645372,0.03865097482807395,1.4989750847382088,0.04707521283416725,-0.4910222903372027,-0.56640582389848,1.7560748363966647,-1.1812384920464365,-1.0008588709876165,N
25,-0.6226378167871612,-1.1930807708700573,1.2150775642618148,-0.7739658704305046,-0.09568607084340072,-0.4728232516675122,0.4957236104876706,0.7900804530330592,-0.6399513807878175,-0.6866403165029252,-0.27150902300634866,-0.4195407727403064,0.09179168734508952,0.34559262653261624,0.043181810773401816,0.2543862180198114,1.3903288561087086,-0.7224852930146037,-0.8919454725352268,N
26,-1.5483896013404532,-0.5593520652110763,0.0367566945164439,0.9904761563821276,-1.6867299300053935,1.062877733368052,1.7470058767746997,-1.2890793036696075,1.0140973822065824,1.2171180317722723,1.5033089899527965,-1.8319711357500517,-1.4084854656317478,1.8462645796915569,2.072383222050711,1.8851066431886552,-0.06864975267987843,0.4023454536100585,1.0725045055456868,N
27,-0.8339542735452709,-0.7435531503201445,0.2905082895422915,0.598775654240065,-1.2239453397091813,0.5844944567599262,1.1497636634730564,-0.7926180666308038,0.36439178326195065,0.8098561952856322,1.0520706674531897,-1.249622234620651,-1.1337567731133469,1.3517720557707902,2.116600713876021,1.5122216864764246,0.06775071866070019,-0.04668336217278138,0.6270798135518044,N
28,0.30667244344831723,-2.13944949920853,1.2474534293770174,-1.1737616176701575,1.015887269393633,-1.0003069477112818,-0.5175132928494045,2.740423093395848,0.8396542709380944,-2.265422714920179,-0.8097227699124457,-1.1781873268931038,-0.8992373404908606,-0.6420330474208653,-0.2843801336415137,-0.5759067910850916,0.990377380866698,-3.2052481603500107,-0.6209224691799524,P
29,0.10756103066291428,-1.3970635750979168,1.1406220437304917,-0.8237606657305169,-0.004101724558114303,-0.7665738254068837,0.4807530414425798,0.6658049038889193,-0.3807604281513157,-0.6366249173016183,-0.5788636471709837,-0.1326653780417204,0.38508774233244736,0.30866864557931345,0.2016821757032534,0.12889305279969065,1.1474578869307137,-0.4886872743759387,-0.5469596662489861,N
30,-0.2090626337968048,-1.328472223924681,1.3038414675659251,-0.8217051010548958,0.10514841141541262,-0.9838595324830566,0.6974955282502218,0.4740668054439696,-0.7155651674318759,-0.5959722672302119,-0.5534649286488189,-0.2788061601893918,0.7593560924512232,0.35972613524053393,-0.06468526838911035,0.08729396403243668,1.3586745102679592,-0.8115697343449858,-0.5771615734534891,N
31,-0.5017946535007787,-0.666222486775391,0.3786861232576147,0.6492762760168974,-1.1757368945882472,0.6431760444391531,1.3080390441676466,-0.9676423427839036,1.3887902988174674,0.8441280329330713,1.0643611513235025,-1.479683277436468,-1.1626024839654563,1.4692812694612982,1.897004563617757,1.462700412806741,-0.03534165509156263,-0.3085339777293804,0.9624851323521376,N
32,-1.7803098159615562,-0.6834137718992868,-0.38976646490749095,1.1156444387854214,-1.9011385378006096,1.1840469644167793,1.8322977040347288,-1.236392750887063,1.2366217214089794,1.4446551310891795,1.4016403299440503,-1.6878569079279342,-1.4386339126965475,1.8793496982001288,2.0796053134879258,2.000871416882843,-0.2797354872254368,1.460019272650944,1.4039336295422822,N
33,0.4310458568029109,-1.5834611146977258,1.600631308823681,-1.2828157184725868,0.6716759698257397,-1.1860337055247443,0.4090234180912892,0.4341922266193756,-0.9991302718751583,-0.6812077660272192,-1.021616350542381,-0.04231251456328513,1.4087923108595586,0.13855686326567415,-0.2337722873230687,-0.4193736483942861,1.5486183531187219,-1.0220719784425774,-0.7122735744834999,N
34,-1.0596686783700464,-0.5876734667074699,0.25098570290413874,0.6100878345086477,-1.2788635411498583,0.8872889574280327,1.3444839456354536,-0.8308558196346743,0.9936236973842302,0.8708993154213668,1.0705252317757608,-1.4049927722614397,-1.1401840212012757,1.4541196441747564,1.541935304502156,1.4199261601956792,0.13227745083881126,0.287981875544126,0.7477235149454983,P
35,0.08920857611690551,-1.290376797717709,1.4809838127801591,-1.2780315116380476,0.5076484120516049,-0.8598977590973821,0.19599109513593274,0.9172962352856469,-0.6831924400556965,-1.090491750297214,-0.8748747794392473,-0.16116941945381316,0.7875933553043089,-0.01460270523986736,-0.7705912355160794,-0.4467462171249769,1.4835779620426932,-1.07959180936941,-1.0093609746201833,N
36,-1.940982772766347,-0.5799186603411897,-0.6150160184384368,1.1256363282634425,-2.00289161072091,1.4461936104906572,2.0464898201939388,-1.4950073403069786,1.9460136223232016,1.5115360893190175,1.5801684338511333,-1.6579687378926904,-1.4810841569908766,2.004469077944929,1.703214363789486,2.0304355571482318,-0.3991717426783749,1.5853605151915595,1.4860437895741367,N
37,-0.6810536774174051,-0.5235167354772611,0.5338893263567975,0.2454542008900781,-0.9871892556989452,0.617743183614633,0.8418398119139637,-0.2897377035043793,0.5455830253172309,0.4475274503037217,0.6691678826936545,-0.9121653949562574,-1.0188765934702302,0.9708224245049722,1.1764038171403268,1.0861442841031461,0.35558706737994555,0.17242186142149696,0.2440281298913388,N
38,0.7255931299579922,-1.3408333555710208,1.2573227740438448,-0.9006051640649362,0.3990360290758912,-1.210798042351386,0.3296201535324528,0.2065426757689028,-0.9383969977809694,-0.5239744047546998,-0.7398615231749399,0.11019605785164696,1.03932788861441,0.1532470557486131,0.29028726848671305,-0.15862241976269836,0.9814093792406998,-1.2027014717147342,-0.4216549368127983,N
39,-0.42351279258503294,-0.9044224025917535,1.296011069984509,-0.9240126429642502,0.3434537747177326,-0.4067805676066079,0.38047021179507,0.6977647941272471,-0.3931298264632903,-0.8502466544329322,-0.3166701422448565,-0.3867689240719423,0.4066415156432575,0.2027746486398489,-0.6358816804793177,-0.16944670089586136,1.4826834269194655,-1.2124601639087116,-1.0677666037025098,P
40,0.7631245010068786,-1.4611203440817286,1.4138892040704494,-1.365164486391958,0.8747358429838336,-1.4044941472131864,-0.05519791342380975,0.806148592637308,-0.9016486652260812,-0.9748217301914118,-1.1552079788887588,0.4008027919597656,1.3005393648464556,-0.2506048740506828,-0.2859132357855068,-0.5293044996947803,1.3274791717453087,-1.3876529208540094,-0.9496433740312028,N
41,-0.7977406647582218,-0.9415804112273184,0.9906307095056736,-0.757494670415965,0.024067694783116426,-0.4870832226961874,0.3922811880865922,0.8512093434949138,-0.8603030887775504,-0.752494923407577,-0.37087995850356825,-0.22760296894842136,0.3304447576766334,0.17069740659112007,-0.4934231757515888,0.026164074646856945,1.3055376157670198,-0.4398137771792024,-0.9279166437925924,N
42,0.8639210866758812,-1.6826618203452064,1.2440158969710955,-1.5417354499663491,1.0600733614821465,-1.5717758524414875,0.09890748995192404,0.7567010354824827,-0.6561265817311787,-1.140334127830694,-1.3385409782006692,0.4303159194169199,1.6529869258439511,-0.2712283325492177,-0.5257998199879438,-0.7792389490195498,1.4039244317252568,-1.2201413541564965,-0.998851034451542,N
43,0.13198461986917825,-0.9678690559611068,1.2256679953775618,-0.8647252180934247,0.21322793843313606,-0.4595829746314676,0.25625991085284705,0.4865782455971489,-0.3898179405718953,-0.5729220581315788,-0.5061296284293906,-0.22494657169577048,0.4116572924777741,0.16054703610991353,-0.4229549207826121,-0.18600596712315115,1.0604743913837231,-0.8524752429813537,-0.5547064191673178,P
44,-0.08021483000901121,-0.7072401832975601,1.161937195041572,-0.5496575543601777,-0.007314501979307544,-0.27212042277705983,0.1915670694440705,0.3912868626605572,-0.6914108079529868,-0.3655791800630366,-0.2261165022062228,-0.3827922933137071,0.08888413107189115,0.24632009178377415,0.2395962417560741,0.11935705828155048,0.9615009942765116,-0.7041457626033911,-0.5486187693177694,N
45,-1.633679516185912,-0.18720334476393896,-0.2024646483146268,0.931775551159022,-1.508625649567081,1.2053140028907667,1.325234581525809,-0.8681344494609674,0.8977548970382335,1.0119187828958454,1.3792844236009196,-1.4466879946212452,-1.4716213432034422,1.4640012214678664,1.573292068057468,1.6178488416291392,-0.1127641312196232,0.7775380833766038,0.7356779266075637,N
46,0.001657505150723094,-0.7629473414984292,1.2574204290640552,-0.7491175079029686,0.17156096733846854,-0.5387134672648444,0.2581259970109182,0.5449717985763355,-0.6356740484011396,-0.6370815962919738,-0.44939994805915295,-0.2519051051752487,0.4104423120790189,0.1518071080198704,-0.18442852350983446,-0.10034407234312984,1.1719458865928682,-0.785158315160083,-0.7542125768743668,N
47,-2.6298965092403934,0.22890020850140716,-0.7396809830381755,1.9861220071766281,-2.4984052210856373,2.4171942736925924,2.7236994527356866,-2.7550376596556547,2.9009433742755277,2.4302061666777384,2.587436878896603,-3.014628689076486,-2.0614431332624465,2.8079278202805447,1.8672689927405643,2.527734980278695,-0.8682396826642261,1.239664320218812,2.4206583476804315,P
48,-0.04148666588380452,-0.978325166612445,1.2700454672760009,-0.8047368555977014,0.3957230964983631,-0.6529895835953163,0.3874705038521214,0.3005216591562517,-0.641320852641209,-0.5184775046555362,-0.4026709830149025,-0.28799009358943184,0.7180782034105516,0.20615038994215407,-0.24450158758316515,-0.15518227777576266,1.2148285907639031,-1.2444373813848926,-0.6166127849834321,P
49,-0.20378374718863654,-0.9032303756377632,1.2413629357113851,-0.8969574186517407,0.4462462749642821,-0.6804838746952864,0.1780837267110336,0.6923738648339635,-0.9380597982666736,-0.8343303205821213,-0.4511952516560139,-0.22040542644466676,0.5960134061757252,0.018451847074181897,-0.4113093616804821,-0.2625377121202116,1.3539480820205458,-1.28366519573378,-1.0279824506614612,P
50,-0.3941075362994926,-0.944751691092342,0.8114393351580883,-0.7160183861765375,0.08868902436114554,-0.5090303379364467,0.19575564039545304,0.8885387273419172,-0.6117860164718016,-0.7278336554918534,-0.4289546188142057,-0.046491400733540265,0.21818354671198176,0.04209275135470383,-0.1569471615880476,0.005462309280703297,1.0837884589038025,-0.33976105457378153,-0.8466404118220204,N
51,-1.7530203081386275,-0.3272486144417889,-0.3312274939484857,1.2341560804051634,-1.846990436502829,1.1114249612649612,2.270901176327104,-1.957385691735375,1.6944118126734975,1.7472052250596777,1.394000887325995,-1.870005049944124,-0.835254187624285,2.0668489904284577,1.3351375900767242,1.818601532038873,-0.4070807603790216,1.2940547465694885,1.9147180700699604,N
52,-1.9693437065221235,-0.2706869479565965,-0.2621177310527921,0.9168626373885888,-1.628739014124285,1.244672579286044,1.661952165847269,-1.0529609902243646,1.1142771351628122,1.132889201971032,1.3179517279334751,-1.5378389140332578,-1.1925915931143845,1.6018583672643003,1.0468496792842077,1.5739491599795914,-0.03785830874934997,1.2044538193950436,0.9878040412522338,N
53,-0.2909539870179271,-0.9507474742431752,1.213957863482219,-0.9143938610286568,0.4511096577415885,-0.6160077656816925,0.4415260714207429,0.4650570277525513,-0.4799721695930638,-0.6511319155670899,-0.4342116697605855,-0.16390213746300833,0.7921972318838031,0.16296423148649505,-0.7300656037566007,-0.23668642610381715,1.3922203484191074,-1.0462046220462082,-0.8256012490566895,P
54,0.8451668679934851,-0.9890856892631564,0.8372215672562784,-0.4591378494774941,0.2888885283447296,-0.7804752851888422,0.09952985075965257,0.15216031720153822,-0.19245552056815807,-0.2933564865469345,-0.2908513350495838,0.004262032916118025,0.29765451356354544,0.14433863051038448,0.980143697821098,0.13245561117193005,0.4877199404293639,-1.3470194406235538,-0.19907122384580905,N
55,-0.24383292178736835,-0.6928388624484781,1.1765529771859575,-0.8420694421028478,0.3376732701281194,-0.3777724142200269,0.25705107286035184,0.5887712989751777,-0.39480502122749705,-0.7732622670379093,-0.3353337378877261,-0.27310600744436536,0.3977795753620672,0.10371926875294646,-0.6609279858884908,-0.23205873981209946,1.2377553017718632,-1.083298474270139,-0.9282763689603434,P
56,-0.9035201308552188,-0.352978751033344,0.4040756229410329,0.27955124636891143,-0.8707983324750342,0.7893403431409529,0.8750596246910886,-0.4487159960943418,0.6300494250573327,0.5372763898428482,0.7098161875605494,-1.0377469596243838,-0.8129777959248974,0.9510406056135576,0.5130441794525799,0.8356156479798902,0.3124532391770353,0.16436088384486142,0.4039292874610182,P
57,-0.18007541108683894,-0.8182676051609393,1.0811912528052403,-0.7434521699292824,0.35305370401529274,-0.5349651087347397,0.2699824362895594,0.4267611839974865,-0.5707189552334649,-0.6384326187529712,-0.2718311921957325,-0.26732200082175056,0.493679173938193,0.12082874009304655,-0.3793101873751189,-0.1650708187000904,1.140496620722009,-1.2888274616932252,-0.7732272721472911,P
58,0.6711141540703397,-1.3374475255438845,1.3289437170913765,-1.5285462091589637,1.1130337707353437,-1.2912385608893733,-0.05593839419669856,0.7805113212494968,-0.8859804790530821,-0.987767036904494,-1.324490405251709,0.3954240414189237,1.6096206572281393,-0.3777284751926259,-0.9375592662741492,-0.9219184447277656,1.5277688403791816,-0.9153714564235684,-1.1009728917047363,N
59,-0.3388642633894882,-0.7954873384133465,1.1634552186953664,-0.8243035698854367,0.3640471276613617,-0.5599989394804046,0.4475513279569753,0.4134215749934047,-0.5021600103309914,-0.6318360461627023,-0.35634400324923343,-0.2126879241105156,0.7144761659258356,0.1447075596851135,-0.7660761712399196,-0.2400092874396693,1.3785975122114908,-0.9806832057662622,-0.8445763913575519,P
60,-0.7720324299277852,-0.7804703178778443,0.8849136475938744,-0.74396543470649,0.16389137747466254,-0.479755285553883,0.6143219966215682,0.4007415712832459,-0.4211917969853649,-0.5851663197015391,-0.3101528690552485,-0.16461627836113465,0.7160395711098327,0.22912363095194466,-1.059371584596955,-0.13394906669261214,1.2417591078680914,-0.5482996402603223,-0.7137121854556566,N
61,-0.20989424885692826,-0.6892537957462579,0.7951105474964081,-0.6572987157567474,0.20016362111956545,-0.4909846218649502,0.05410776812957936,0.867411310129443,-0.44841428809542494,-0.75176427270313,-0.3931579503421488,-0.014207069420496132,0.1506619998205517,-0.09815392755427972,-0.322074783073449,-0.10831511846286744,0.9461287377142729,-0.6347737824775875,-0.8119662319105303,N
62,-0.9914828134256056,-0.1667114957946614,-0.2484315113484721,1.1561322710571893,-1.4174410113101727,0.6613720487625995,1.4394095780517735,-1.4532596431581193,0.6634015422041822,1.4582172210251363,1.1000536623539168,-1.3327675876078384,-0.827819851347113,1.4536370642450542,1.8464215603075056,1.5360193542330771,-0.5311449931536047,0.7682651683352332,1.5160178551404584,N
63,-0.7682279740940946,-0.10920959712755904,-0.041881143422652624,0.7694313045525556,-1.0891065979163224,0.7093180147311121,1.0802340622281166,-0.7823764450978643,1.1134398186195018,0.7696009653111535,0.9890076116169674,-1.113703059030694,-1.0469394980754212,1.1216386606017614,1.246328406852824,1.1919413427635202,-0.16595036970549767,0.2939115842793004,0.7808407599432664,N
64,-2.2630157626831258,-0.08145831067024918,-0.9177292491746092,1.317822406913472,-2.012381720968514,1.7901125956468518,2.0230287764820423,-1.531728750279859,2.3810975017588283,1.4799841244490457,1.7303129438771596,-1.850112033431813,-1.5995387000368873,1.9213213530494189,0.9756804695856452,1.8306221853266629,-0.5465862732844506,1.858803620292035,1.579595224236436,N
65,0.6399115897692005,-1.1399207442312127,1.122949815525627,-1.2797414253601105,0.966661113395266,-1.124110273100546,-0.052107442674106406,0.6085352710183198,-0.7713053771587389,-0.8535022067001348,-1.0729437482471873,0.4203477677695572,1.4008413232668349,-0.3018222299478049,-0.680808483347954,-0.7535661013656976,1.2382933686168964,-0.9723218530993476,-0.9298338014770348,N
66,1.1402267686067336,-1.2972741779868433,1.0089276331031165,-1.2908666305984324,0.9468768351058416,-1.5828353401440864,-0.1971425319348676,0.6631799139893572,-1.0314841379344686,-0.925312807003168,-1.3701527146915224,0.7094727585730575,1.5613770855499145,-0.4633456091917908,-0.5415822927732877,-0.8086486063892799,0.8995726271092052,-0.9941135797676822,-0.6815878599197096,N
67,-0.23501839859469584,-0.5878378238449333,0.9170434073291748,-0.7979865233753114,0.43312095220179614,-0.32434523524773085,-0.006961947409968084,0.8723915212115432,-0.40166470644720503,-0.8973691215039359,-0.373679146159804,-0.11940860386268985,0.2963043692146649,-0.10266796876012052,-0.7284289607555721,-0.3615072685617256,1.1609185910833524,-0.8873402177528149,-1.0573441357787987,P
68,-2.5476144909224763,0.2664945408847933,-1.3516736925199335,2.4642104704688945,-2.63238494108608,2.2953274287873233,3.0888061888292553,-3.663589755600448,3.2450378141787644,3.106112294414697,2.7799370037016438,-3.1051745013866032,-1.7358202111813454,3.057218327486522,2.2964886865469065,2.7400535306302487,-1.55640464629819,1.4172922189570138,3.355085486139892,P
69,-0.06446580862948813,-0.5191811847772599,0.7920223714391638,-0.7266732412365098,0.2827235899898959,-0.20848754504169129,-0.1545072726069694,0.8822123888950909,-0.4514943948602463,-0.8020332278798936,-0.4150153901873073,-0.056040609349413774,0.08041501587599804,-0.14357543036599488,-0.5681313234800413,-0.3213179295527925,0.8949466359519486,-0.5366790380161864,-0.9008722629392591,P
70,-0.28762129207606896,-0.4912791124351698,0.993042268434686,-0.7535788780376284,0.3100167163808759,-0.4162151201860802,0.18126704741340946,0.6250056255028466,-0.5782730107842443,-0.76141331567568,-0.3963618604367764,-0.1369534348793669,0.4854283143197653,-0.02468277945796273,-0.8227964822980555,-0.3307348032553487,1.18541068653026,-0.7329785134016186,-0.9546916628242208,P
71,0.27602076025441435,-0.6676921182248903,1.1114020942188334,-1.0793239952567408,0.725427535587066,-0.76736721490633,-0.14371530628332918,0.8177982811196383,-0.7368683873178415,-0.9657831541398522,-0.7789251912159639,0.29677159564694033,0.8427196188986684,-0.311806035629748,-0.7196790526081802,-0.5788656543303461,1.2383539512748778,-0.8967738838132221,-1.18889353449849,N
72,0.8512645741202537,-0.8616226074143792,0.5410687032606037,-0.548425096069549,0.31963326118227675,-0.5812691211872216,-0.013312600138889926,0.3240338637500864,0.03784735194837443,-0.2901300345363591,-0.5413837492582796,0.317009683047628,0.374568814968279,-0.02057997605843377,0.3257354625371809,-0.1264845125069034,0.3298028130923379,-0.438669846610651,-0.10779352303743372,P
73,-0.3153757798968057,-0.2784784942221432,0.5475467877408458,-0.17542734612245892,-0.3315634002016932,0.1503342659351759,0.1733083390273257,0.30080789890778364,-0.24031467688800776,-0.2711267121476214,0.0967568581772065,-0.3544595117997106,-0.3652201631162488,0.22391514281924704,0.09812787068979696,0.2048150528511856,0.5497841234228757,-0.04876534085636101,-0.3794692862648402,N
74,1.1288265533156288,-1.1117373967428157,1.0542992726606941,-1.2028168354372102,0.997782781166047,-1.388199801067493,-0.33252667332470753,0.6478915115530381,-0.8174985859375206,-0.8468608657431533,-1.2519839105919572,0.5878633342086133,1.3978491563036937,-0.4870087680913639,-0.4801662732140356,-0.7844270918494706,0.8177991746338387,-1.240643064324296,-0.6113168699335917,N
75,0.08373027889425698,-1.2187516478968192,0.25709431945466826,-0.8313836910896542,0.6036743668534951,-0.6187492985470194,-0.8644972181976038,2.3994923533552988,0.06975012366558905,-1.7645301098686659,-0.7605718208011519,0.02240473942294758,-0.7168667162224952,-0.8985623106084442,-0.23320018067163414,-0.4879752300278711,0.4576093141937904,-0.8856291754937758,-0.8390982705562281,N
76,0.4946876758948056,-0.7120647451148681,0.7486912657725966,-0.5529636501907582,0.3837185718097437,-0.6356927431077903,-0.0016969038355811776,0.3452252568777477,-0.3432768915712105,-0.4670409479968891,-0.41352850426528254,0.0018147623233328608,0.4488512131278705,-0.05473801248995151,0.02016798181209774,-0.23056938750944625,0.6024994960327631,-1.0503780287407247,-0.3635353151181227,P
77,-2.3696977866528024,0.5541361387794559,-0.8378125844706369,2.1604657254779167,-2.276844352009128,2.0700778775403426,2.602304550726365,-3.03535770869066,2.371345093992125,2.6065145787330253,2.4573548729393164,-2.8798441428206303,-1.598034524565576,2.61645854611392,1.8236395019830325,2.315657149039117,-1.1061601490676536,1.0145692082522844,2.6470625723796712,P
78,0.6369160965116684,-0.6678506840240346,0.6869756955867272,-0.6218264370004415,0.3821728260707758,-0.6256761689974181,0.0794527606105108,0.34130276902429035,-0.012146412844736106,-0.4550601006473194,-0.5255631182318464,0.2794082452407399,0.5284091419210768,-0.035497274169565135,-0.17410962000388133,-0.23735432790336355,0.5457670009044361,-0.6627533935523591,-0.3419492752172551,P
79,0.26188775434290795,-0.4423918749048929,0.1923622762243465,0.09502023706155713,-0.2360790619113011,-0.3016473672677637,0.18637562468960311,-0.12208922401243433,-0.4748413876010182,0.150618715886947,0.09454835601406653,0.02178786229964912,-0.10892663070601044,0.2621870059745422,1.1181774607120334,0.4331214980190419,0.017434835302917718,-0.20535927648829316,0.08756191646543628,N
80,0.5150182941587312,-0.713157375587386,0.3959478323161699,-0.06445176970467131,-0.04428595835044455,-0.35916383055151385,0.44695448821343264,-0.5349204252370231,0.17713481225487404,0.3876663374487601,-0.07480102025111833,-0.18836807027748828,0.3493081282086805,0.4223560238279668,0.6043511583036212,0.2319603047836372,-0.022003277755752997,-0.5895872414332484,0.6476420851723342,P
81,-1.6181428519118883,0.11514542430093705,-0.5040531187915701,1.1468913914726797,-1.4975613216937371,1.2860531173669003,1.398549259381345,-1.3474433641911268,1.0204337789217823,1.4126491085263353,1.3786412226846891,-1.3499501274285646,-1.1556482989014842,1.4474425359416925,1.2121420930012996,1.5011273737126718,-0.4699733878009372,1.1763008429987587,1.2542614875398774,N
82,0.9807292998446177,-0.9039925443231882,0.4107256768003652,-0.4514518270333381,0.3170138001198757,-0.5627651089158581,-0.09881566530524566,0.15096154047474006,0.13422228683565784,-0.1663836790528437,-0.4502925158122436,0.2443229098362102,0.31761116856331706,-0.033618638856834485,0.4273417476897773,-0.11983282007640078,0.08623533474666759,-0.6748888362682312,0.1557332615330421,P
83,-0.7587033641431462,0.1717774886020977,0.4526882268940206,0.23174158148559196,-0.5436175387713454,0.5667474973392098,0.2655361361518516,-0.10930069401093223,-0.29275796604908394,0.099516886485247,0.6639392190231892,-0.7343544857686534,-0.8053890580702368,0.43112603611611694,0.4041515010354986,0.5348712308180744,0.3075363049054882,-0.41684528429774736,-0.212855128794493,N
84,0.5321661547239136,-0.7310872222933288,1.1155212926519988,-1.2290632116283946,0.9393501660894421,-1.0767967359572546,-0.4641331400477213,0.9584115017235622,-1.1181807012689555,-1.1269508269536832,-1.0787406695935686,0.3916454189172465,1.090282352014457,-0.6153838836723516,-1.0596779002599992,-0.8916723419160717,1.0828196415330569,-1.2354709395618395,-1.1121700821477245,N
85,-1.3639104224022243,0.031646729899392115,-0.9401555677950738,1.3040486993927003,-1.6161305895501288,1.5141606612839151,1.3776361724047896,-1.4306843660211277,2.0171840301047035,1.5261136123119718,1.5127193984042713,-1.371013466452929,-1.5390140580437859,1.5014476220766124,1.4913417784807257,1.6295058015064647,-0.9005757949543515,1.3719377372925166,1.6077802569106106,N
86,-2.7242286609022472,0.7255420974465562,-1.4998133534121745,2.7591955029718074,-2.7801530174219318,2.6202811580228014,2.8018082846682786,-3.591245093680842,2.9998202735656045,3.1813019123884807,3.006235149586898,-3.3602955877406986,-2.20446963509879,2.9869579335814973,2.471992555151416,2.8071891773423703,-1.7803060695648183,1.5567766860149377,3.350544774013072,P
87,0.6885339438776483,-0.5062929792787915,0.2579692054028039,-0.0743696283692587,0.03280060181449941,-0.4539521722960903,0.11622716719345387,-0.26153106404537674,-0.2255665888812677,0.20175665906465684,-0.11876151148544906,0.24722572110842425,0.2433759180699865,0.16846296667934216,0.9215949904038979,0.2257584505602357,-0.04489177162726536,-0.4016645083221988,0.20837774288975525,N
88,0.12856396480556506,-0.3904727356175493,0.8373912244077962,-0.7691240169705618,0.3554172306304818,-0.6354706188454143,-0.30579776284103405,0.9519062609995949,-1.166713014442474,-0.8214735166276452,-0.7937224601316973,0.3042221880173378,0.5513535019874796,-0.4084086211178319,-0.7993686679596644,-0.5290548044394985,0.8960919099325291,-0.16216264165555525,-0.8839726569800506,N
89,-0.3914285444496218,-0.4327556626694802,0.6543441769962848,-0.5817631192229322,0.30598567130224713,-0.5789182770337862,0.2589442425744849,0.45877723299063505,-0.8449583348796398,-0.4967440842275536,-0.4745803159221945,0.17596504373501334,0.8039221846377878,-0.06067987507874921,-0.8318866506783046,-0.3002727386898301,0.9397485626562044,-0.18285284381334388,-0.6500557872956538,N
90,0.13082883526796985,-0.1698874992103073,0.7815038806925411,-0.5284947941608192,0.2100203427182821,-0.3147904773414729,-0.23265129489260786,0.43098088938881,-0.9910308296031152,-0.4906166218357071,-0.33837431085709063,0.1240512728366708,0.27933572225648384,-0.22405557382010588,-0.5082486194097113,-0.32402506503971323,0.6801427178176954,-0.5509407221832281,-0.6954766555045618,N
91,-0.387134337227628,-0.09664866504320843,0.7251058958138142,-0.5997749625072772,0.3580021755523465,-0.08508845037226588,-0.08244015954402865,0.6778404504706602,-0.4764035272374316,-0.7614662088029117,-0.2124878960166992,-0.09630254534661498,0.2100378662637339,-0.16751644638242055,-0.956799311276898,-0.4004436360429906,0.9455502998929094,-0.6889378731090268,-1.005680678764077,P
92,0.03028676279723725,-0.20813395289413109,0.5975270452417104,-0.543663238570526,0.2730410260478172,-0.26172137451717103,-0.272440545107715,0.7941768970662092,-0.6216401645217721,-0.6788182417906482,-0.43834864384778,0.125108778880984,0.15950868605727858,-0.2942499189575058,-0.6062587550663816,-0.3858848462744794,0.6840243692061321,-0.2847930756912251,-0.768823781993925,P
93,-1.4390674890997306,0.29460300564273617,-0.6605238490396026,1.263881250605684,-1.4178318619444443,0.9803526857170232,1.296384563761979,-1.4050429572529712,0.7382934271272863,1.4273537201664863,1.2760593723394362,-1.16998545355963,-0.9501492414085376,1.2792743919945568,1.2208573932702342,1.4144458446319097,-0.6915050241221916,1.0946639547553114,1.3623378411550775,N
94,0.3985378234536869,-0.3921288008832244,0.6163779675716188,-0.5368258332658339,0.4218385631950393,-0.5678365640603281,-0.2954704345231444,0.5297983989723939,-0.6913349776528447,-0.5933131987873255,-0.4827778341246705,0.16217626056708725,0.4326950354009923,-0.32545142485492995,-0.1638261264989787,-0.3948049421430345,0.5966782982927378,-0.6650562703175799,-0.59980853072851,N
95,-1.3497029614202103,0.6885108931665482,-0.2881916131073675,0.9753011408062808,-1.2646467273873112,1.2903905412297358,0.6953541316223979,-0.5309180350938775,0.5969318415550956,0.8117518621031321,1.1639526652744403,-0.9817089850215316,-1.46835811904798,0.8639750255908182,0.8539299709953134,1.1429303546075589,-0.24205888593718256,1.089344065619898,0.4320315277750397,N
96,-0.2000505055560994,-0.10407467023228036,0.6100201582366741,-0.4930846765879017,0.2894333657756828,-0.3467593521564222,-0.13384887598402734,0.7214144375442877,-0.5372092943523323,-0.6885510159681754,-0.2848822618015696,0.12826686169661294,0.18161219032369785,-0.2731061364219277,-0.6947105967013695,-0.28415128442025805,0.7593303545162065,-0.6205180530633443,-0.8650930689366868,N
97,-1.5861070836708135,0.3622083601616588,-0.9307723992822468,1.2653616441710331,-1.5311789750347835,1.5692998516999497,1.1744654321365844,-1.312239132557032,1.4205788090028566,1.4508330602475878,1.4626175684698497,-1.1928434603012874,-1.431015958320499,1.276551112817429,1.1168719136397582,1.4451099984034188,-0.7993013563028847,1.5388223644630084,1.3180729919456131,N
98,-0.9519813223443676,0.3596947049462176,-0.9708781387342974,1.3757551938562438,-1.4745236543452322,1.3128808025840406,0.965935346714543,-1.2909832651699322,1.5863989961686655,1.3344667454347812,1.4611708719553018,-1.204526891420752,-1.5973689130282267,1.181173845520123,1.665061897602103,1.4472536424808948,-1.0574108696288766,1.0468444949342195,1.400634227372171,N
99,-2.622800242705335,1.1046095452253246,-1.4811104167814666,2.768000125012939,-2.6455863087934306,2.661749055553749,2.7826919566538204,-3.6423296870978064,3.2960765709322786,3.0924144657552675,2.995656468439123,-3.3325846146375846,-2.0944485595639724,2.871821161237362,1.908148425847356,2.564115062764034,-1.7588973329010935,1.4235479583643984,3.2831728077434192,P
100,1.1768188625118563,-0.4596249658815451,0.4173062603324242,-0.4876982040959108,0.6604324634317175,-0.9377481768819438,-0.3821445174018888,0.23593533844635306,-0.5141916247042754,-0.44209106260372333,-0.6232866257534685,0.5778742051189957,0.7377551903564679,-0.4107032694853572,0.1945259817537986,-0.4577465330067767,0.15129895912995542,-0.9707777317341114,-0.2527221276761994,N
101,-0.09943828967823287,-0.09947047502144347,-0.6935243810040034,0.7597362615878853,-0.8000458570474027,0.4241603509905808,0.5427837783784543,-0.8275894895091886,0.9337807768549136,0.8890356099142004,0.581197168531859,-0.33245271753649625,-0.6220262499802456,0.6134342192992451,1.2742655585605185,0.8320386280828854,-0.8474855976194015,0.8071532780648342,1.1449355164538677,N
102,0.6472342860256358,-0.3510160011102609,0.34156170039253964,-0.5482623400803067,0.5658310717267019,-0.5498422485784957,-0.5035397314751061,0.5201214683538408,-0.6320631582716315,-0.5284996322135821,-0.5413269317953612,0.5030182702840253,0.4620761590209035,-0.4614122758270979,-0.268089891731969,-0.5008798253069597,0.24778619140392444,-0.672867637355171,-0.475160661997055,P
103,1.0004234938667476,-0.6851298313533781,0.5342221291630428,-1.0447416553865654,1.1433523534214851,-1.1718228673117537,-0.5527555010924575,0.7244480206671436,-0.8028788438434062,-0.9166340069615302,-1.0890863371371893,0.8845990591163914,1.2864196852212824,-0.7347692924771885,-0.5876298516566639,-0.9351012003637708,0.6441637561304918,-0.8902710584248271,-0.8713418253542019,N
104,1.2411644735153509,-0.5725517876723889,0.5029989922183921,-0.9196875040910966,1.0537958549484678,-1.2655765277296314,-0.7160232385786951,0.5273066189978193,-1.3938290217693825,-0.642591890789297,-1.1435476819870922,1.0919369538659418,1.3569002058825863,-0.7914683570195264,-0.3039635370089581,-0.8793418388007517,0.3700429281526364,-0.7371401142679451,-0.6451039691824141,N
105,0.8617282209706912,-0.43174598568956607,0.5165924691515381,-0.8673866539740032,0.8938819669383455,-1.0724442647522616,-0.5172920927600347,0.7616210331605199,-0.7953638356822036,-0.9339535108639492,-1.0311125037239697,0.6609304598898116,1.0717303367520985,-0.7003801743938982,-0.9386485387332496,-0.9386948191564664,0.4884383936491409,-0.7324431606216069,-0.6683967985103029,N
106,0.9928310433385584,-0.2875382648562881,0.4506396774952477,-0.5614737877696692,0.7858787632844267,-1.0431322056006065,-0.5577448376257081,0.4205173702083497,-1.02203984584526,-0.59630588440442,-0.6774584130286809,0.7063218951723771,0.8625990604548806,-0.6088603510713396,-0.013500768331252336,-0.5946748647226544,0.31505015638754064,-1.0676415831372346,-0.6083643302613343,N
107,-1.3071101200557107,0.7243798102432831,-0.5769201954696472,1.1650570995213798,-1.105328421877437,0.9678301405715528,0.9698756549142274,-1.1684862026199014,0.4783919245995717,1.17900201174583,1.1781229794149115,-0.9072918420618252,-0.8237951785180798,0.9745048832379782,0.7755182691822851,1.087232676079528,-0.578462476030423,0.8467303220185264,0.9404250995838641,N
108,1.2186870320978358,-0.5756136081719189,0.4494296060293272,-1.026188870960369,1.0394283837923006,-1.1926727045923702,-0.6684585021832937,0.705479414084772,-0.7806308576653911,-0.8945427821729975,-1.2067867727978931,0.9911642048208932,1.2779443959973762,-0.8177187939663284,-0.8211916977854344,-1.0294302944962301,0.4314620703916654,-0.6736632137939365,-0.7108953140239695,N
109,-0.15911428374802544,0.14624141396073928,-0.8335768349754822,0.7927568841804212,-0.7865530427546714,0.40219504785356336,0.4355803539419596,-0.8364672641727229,0.5574103307782271,0.8813591860277272,0.6371354699393745,-0.02179200352467487,-0.581551469784688,0.4998031950782979,1.2437436655147394,0.8259458919771948,-0.8746110968622058,0.9085230408482284,0.8825480268971087,N
110,-1.5670984796323626,0.6854113594285995,-1.1613688266024158,1.2005727991174828,-1.407970884645848,1.7318731693967724,0.7007883645272621,-0.6500472833185613,1.718721504567095,0.8819137686321307,1.48567440330818,-1.023206601128257,-1.8753213811428768,0.8802680268423064,0.6922047599852214,1.1801365875731569,-0.7922120372637803,1.4259721271088057,0.7572636989530497,N
111,-0.01835491946939213,0.21934698322844087,0.2133155198006455,-0.3244820224187801,0.30811593535031623,0.04947005543459985,-0.6426590978828716,0.8674718356857875,-0.6184050627687245,-0.6178431613990232,-0.2491218290645785,0.23134061433131345,-0.18856880997733613,-0.5136611475686308,-0.5656466017244027,-0.43330984555145824,0.3191554736278942,-0.1849082546373328,-0.7800962378612369,P
112,0.2302451719513168,-0.13646044502813062,0.3711890156626216,-0.6392533858764972,0.7695036901368648,-0.5116526125089297,-0.4914360190748324,0.6897663821680685,-0.6082624657765014,-0.7558010720784902,-0.5027332305074109,0.4667878183465354,0.6141047987680311,-0.5877702341598431,-0.9164982394612502,-0.7039810890759645,0.580134732559019,-0.7981863450875157,-0.8467982537338686,P
113,0.4129208604938616,-0.032905645732353744,0.6405467444848989,-0.788216088553874,0.8782049585940169,-0.7266589008098178,-0.6791082201097484,0.7573343966500355,-1.2415238530263382,-0.7725624651668718,-0.7582817189461917,0.6793014992771126,0.8783288442713044,-0.759997377434662,-0.8964914935995772,-0.8220804044914192,0.7408429429602634,-0.7553173279490897,-1.0667268329342252,N
114,0.26777443110299964,0.06557079501338248,0.4522822314577846,-0.6588325192686112,0.6298710004129499,-0.4237172691217788,-0.6768539473899133,0.9964308054486448,-0.7621415882914798,-0.9865206382981264,-0.6168270638419624,0.3676609509872805,0.3385677295861398,-0.7193519848389519,-1.0654098908755971,-0.8050089221921957,0.5733737356141078,-0.57372885654086,-1.002784014912636,N
115,0.5787817274257014,-0.03413546312502075,-0.4089138628479697,0.2367737317791385,-0.188445422618754,-0.020227209403367943,0.059421830837296186,-0.3565517904088765,0.619624060569272,0.3648077852985616,0.010845556037135294,0.3662949887213263,-0.0565771175999765,0.07075712149639035,0.46355208304554,0.18154309756257428,-0.571441073041227,0.4851103720884766,0.5849560345410383,N
116,0.6045247637381586,-0.10301217267248636,0.6214390798893392,-0.972240230176604,0.8575311280467933,-0.7419828006495481,-0.7745566363391536,0.8829267943369097,-1.2098428945989148,-0.9565032169473388,-1.0717043771942905,0.694527116357252,0.9959606326292071,-0.8434232455743457,-1.421032300879828,-1.0941087502347129,0.6420368203265808,-0.3321733412997417,-0.9642551327371048,N
117,0.21766824112646185,0.272689081065297,0.08351296203201224,0.018030057981469453,0.020662957798359874,0.15305632231199315,-0.350513532231775,0.2499650229513442,-0.047716223014616484,-0.11591114645652285,-0.019021334710570915,0.08671605923629377,-0.27885491785968336,-0.2249851921541121,-0.04682489985000739,-0.11493620274406585,-0.032781725862540814,0.005463459410505907,-0.140149808999764,N
118,-0.4290758474731588,0.4725951911184525,-0.3159112395275732,0.4815680573903131,-0.4721801601410174,0.8667772192165101,-0.06216217135306532,-0.2667906972112796,0.2498789754965721,0.4928192678012583,0.6011570182561425,-0.3144362573681125,-0.843377945426611,0.19132970867080207,0.2614128332546492,0.35221622731635044,-0.3998332370283112,0.4114319261715356,0.31308268145697354,P
119,-1.0063919543857711,0.5933152727484903,-1.193411062212365,1.5038961965362767,-1.3809382537393629,1.1864332866377998,1.0418827187405837,-1.4626120712268929,1.46329690485968,1.512476640721031,1.3261269522271162,-1.0074080708183002,-1.1899082479978935,1.1141200871405963,1.3010548927449923,1.3031571561176678,-1.2294485851748755,1.4194025140752404,1.6605746181579777,N
120,0.7330325391311395,-0.13382047788052587,0.6625741687951947,-0.9920241636454848,0.9215226686739644,-0.8753510789846692,-0.7533084759906921,0.8818913268272487,-1.1886441895727151,-0.9638352585655602,-1.1644439025616609,0.7529665499117221,1.1094107978060774,-0.8890403291539104,-1.5122528728107885,-1.1539974628543743,0.6275582580668115,-0.3910372589167708,-0.8725224594505372,N
121,-0.07608576628293734,0.4341812963726153,-0.6091555479660667,0.6002514431240917,-0.4871992753795433,0.7257857818133938,-0.04575656804924204,-0.3544531351197215,0.6111449907601327,0.5113316500583641,0.6063397934052851,-0.14407926160275106,-0.8564604281195503,0.20742691761672352,0.672060144465917,0.42553580655384776,-0.6494369935388579,0.5427840184459004,0.4279441877101687,P
122,0.2846495489923726,0.04142080945274869,0.4912884676905057,-0.6091996338434905,0.7985470900852784,-0.4842852143597264,-0.3967297599377104,0.5089542839613299,-0.4874227270201546,-0.5945696149921845,-0.5066273124598615,0.4840752198202498,0.7490525079392221,-0.5519667672679262,-1.0956349700730454,-0.7314355514442527,0.6419491889047655,-0.7295065702982958,-0.7658644382494157,P
123,-0.41302806868325936,0.2619061637813762,0.12244930114231299,-0.3132002307944703,0.3272978914394143,-0.07806416761379746,-0.20369011241528373,0.5998340605124806,-0.3449827352602174,-0.5173112381455716,-0.2203831201173896,0.3641850291210195,0.26858057231142424,-0.3783353814405477,-1.1600959074627124,-0.4148936515664605,0.4656948619493855,-0.0064292716781046465,-0.6842379923533579,N
124,0.3650717181780835,-0.0018134335212061942,0.33794233378125915,-0.5333485686866422,0.7610650371502009,-0.5007967934457964,-0.4458383324998999,0.4779067432445536,-0.5193208964047769,-0.5409980773876609,-0.510722057798891,0.5080714863557458,0.71794560552212,-0.5767126227217663,-0.9077276966992543,-0.716406752334664,0.4824605685596417,-0.6328871605140135,-0.6344091017565017,P
125,-1.821889536763044,0.9081026860778589,-1.1827958696360148,1.4648895913455384,-1.427958084316867,1.5749444192367934,1.2485030601727038,-1.5855898329972746,1.24095332114345,1.5814659749744042,1.5297187170886963,-1.071482325902787,-1.078411107329334,1.2297348220391473,0.5617261136437399,1.2753848710904925,-0.951131977317075,1.6925308786083917,1.3776149268097544,N
126,0.13770432397404112,0.5074811172697372,0.18634939788973012,-0.19417780552348055,0.32851349785129513,0.18533260857619585,-0.6866877705268224,0.5748638710990686,-0.5222775844664757,-0.4010757595368997,-0.13337909969909506,0.2839674254066932,-0.18235370298058395,-0.4968428902951984,-0.5198869305886958,-0.4191227553434936,0.1284192093488377,-0.24945480656844995,-0.6266154442502172,P
127,-1.6201068861156167,0.6652413589598124,-1.6300154823479742,1.6238710791528592,-1.635219369341098,1.7625269324241932,1.345977908020715,-1.764651481724026,2.305124790091428,1.7341077113940713,1.657979129450364,-1.206486411363246,-1.4294717333702474,1.345159775878792,0.8553426459041588,1.4439826794944266,-1.3953537427916274,1.965218694242228,1.8941278519119031,N
128,1.0211159136027448,-0.2892001784361986,0.2763273129550453,-0.9431438214766116,1.2387434251011866,-1.1719822649732765,-0.893664125074258,0.8320262102286508,-1.233712184681998,-0.9013431686289496,-1.1744826664068997,1.1751931838030392,1.3496837673734825,-1.026586250998904,-0.7818729054376463,-1.1182258041831308,0.4234366612827508,-0.5861886900292992,-0.9425578410933638,N
129,1.0210758938098137,-0.07736498521350961,0.3215960754650339,-0.5621135208710843,0.929258646532084,-0.9225053029321286,-0.6836126302787452,0.4599323046933793,-0.8776297442149702,-0.5264989631113282,-0.8221608258666464,0.8292557183640471,0.9953689057965768,-0.7544224142463339,-0.4096301744386328,-0.8061998531189363,0.22277198179393126,-0.6971543392682399,-0.5026374954486638,N
130,-1.0976805037097832,0.8055622706221739,-1.2463548356700975,1.5697680631029454,-1.4054349815303353,1.4236882292419728,0.8661321633635822,-1.3684343370704215,1.318399352638026,1.6135239634568053,1.2731618113275327,-1.0007116815371366,-1.2832841654921665,1.0305314775153087,1.235223938676864,1.2468620864613549,-1.2973020492884555,1.9048584128608057,1.7104081290334736,N
131,0.1229748921988261,0.1656881229739215,-0.0913343242751402,-0.25839682378845424,0.3949451693641529,-0.4963227384537651,-0.5746711902714461,0.7480285268325645,-0.8908536699672056,-0.5348444295668654,-0.4710168130589799,0.736842640817196,0.3517713293022249,-0.6579066469594923,-0.5485274507009835,-0.4594090714444395,0.11721340602006886,0.011801302035292314,-0.5983001859634574,N
132,-1.6332757499599522,0.8107329755410682,-1.1723393290309378,1.3304458789619342,-1.2766484616388247,1.2456955873272588,0.8803979723541819,-1.138466965208249,0.6870336209526985,1.2497344840476978,1.2782142185150218,-0.8443583807689854,-1.013320820356596,0.8810239558555985,0.5816657705261825,1.0671837303264782,-0.8868151018310126,1.5576933854897297,1.1010901890830629,N
133,0.2696316796753393,0.08716868502102483,0.2862852066986425,-0.5837255729478414,0.7932982077210725,-0.5658098674923838,-0.5496004874046896,0.6937601294353504,-0.7462584688439269,-0.6768299476364362,-0.6057394063024362,0.6766023593749111,0.7660393498486077,-0.7119852266516105,-1.0596757806978758,-0.7956361585301092,0.5691043309094371,-0.4288437125731074,-0.8639627336945749,P
134,0.8833009792307842,0.1620461946893298,0.3381416869284338,-0.4576997084098532,0.5523720558930678,-0.5930927816640047,-0.8722508179780131,0.5999074708199016,-1.1439487665131052,-0.5702851431916429,-0.7517107205837009,0.6548458424327208,0.5413748849414525,-0.814328652470332,-0.6783754424896352,-0.8140845319605634,0.12329117611194675,-0.2242531143779464,-0.4610522113200346,N
135,0.4170217248998071,0.4389999452846967,0.11679069154733668,-0.16974456940730814,0.37276572966269983,-0.08630773459948406,-0.6225052935528014,0.28577444590754497,-0.5206075984952774,-0.2743754415068644,-0.22687885533073646,0.4345845058870997,0.15194494246920714,-0.5216380699961527,-0.4013564546551207,-0.4567006031821861,0.004263939080463358,-0.2731617436396308,-0.4062585172605828,N
136,-1.5295761095907865,0.8564078871655266,-1.6100044342248954,1.5236325489599702,-1.4300959388635484,1.6796669246392837,0.8457734647325783,-1.3010533661168675,1.5827607225572042,1.4756545250520556,1.5073750207170558,-0.85209883366695,-1.4701988727762103,0.9719162674416983,0.8231854639758682,1.2443285258684802,-1.3510949102328969,1.9134491744471176,1.4617902818432638,N
137,0.2960089029380249,0.17284557987698776,-0.007566052624502136,-0.4000857706555713,0.6363557557637831,-0.6848634199354181,-0.5249938877453968,0.6378515846596766,-0.5741880136977845,-0.6744646681615649,-0.5983962881390573,0.6997394942665033,0.6890052739368798,-0.7347993399885803,-1.042968900153629,-0.7214341601447434,0.18016166611762136,-0.3071109407779771,-0.5583693121253991,N
138,0.8845285161347524,-0.108880744847212,0.31945944531135795,-0.7735044050834781,1.118633395760208,-1.0951697173376522,-0.7848896887871756,0.6142203575807117,-1.2162387540816393,-0.6445727597372395,-1.0832154200832664,1.0566845699508494,1.399037201172238,-0.9844153295271436,-0.9953010156118044,-1.0944380470691453,0.4481048593123321,-0.4373459875818543,-0.6970585926192754,N
139,1.0180659767990026,0.17460143735906428,-0.2409100921909021,-0.23760545550407336,0.6209534360619571,-0.3512398142477461,-0.8256019549027906,0.5736289363247825,-0.006985490895197263,-0.4060276109010402,-0.5383836365592365,0.8392378870903952,0.21548385796702546,-0.730388777940961,-0.23770544090414564,-0.6034776388581974,-0.31990217761093137,-0.07132963608962291,-0.2213193986131562,P
140,-1.1266151029853526,1.2177662684971016,-1.0434206546793732,1.4467562339699744,-1.1418965018756169,1.3759273031351462,0.7832792566967791,-1.3167140779432185,1.3014616172368054,1.364928441991492,1.3804205439488055,-0.8032654984651657,-1.1930201952857171,0.8642438154930654,0.6323423007787573,1.065580174165614,-1.0854493425186411,1.1686757964761607,1.2269533063224345,N
141,0.18612949176117474,0.3410758283339416,0.2142204980289335,-0.5076601664336045,0.8420084299341012,-0.39738126680295977,-0.5739343968476198,0.5714094272653779,-0.56901914492465,-0.6107557264583987,-0.4725119152949952,0.6777359105014257,0.7217754523193443,-0.7356220802954561,-1.3494640447513897,-0.8398577396927935,0.4753464884011258,-0.5187311513957114,-0.8168139318843529,P
142,-1.10825041112692,1.0403894314125892,-1.5391441785489786,1.4905140440724431,-1.3366262282900117,1.807230767239086,0.4667750473714814,-1.0251858554488398,1.9061697431067288,1.2466035795663206,1.5004910750441918,-0.8568631192734187,-1.8509357324773439,0.7474837973241911,0.9185713167678692,1.1181008118658229,-1.3860958342936658,1.6700880921619412,1.2561149429847716,N
143,-1.1058733689873308,1.4830331759435638,-1.0003465494888686,1.4081332055499072,-1.1527025267070659,1.6768980891764071,0.2277397129303382,-0.7434810158200154,1.03298147686703,1.0457814591865129,1.3890036267879209,-0.8070763069285444,-1.759956836385273,0.5496892565253806,0.7261124776245429,0.9566006240841262,-1.0196973649512446,1.280792130247605,0.7559938808433829,N
144,1.1213391423902503,0.4185807414347296,-0.10719732918164124,-0.086751995409606,0.6144333993813837,-0.4018733282114613,-0.8116154844066464,0.3107499973806471,-0.0945129807261133,-0.32884307772410304,-0.3430109553318895,0.7144636601023677,0.20216361785132447,-0.69152869670993,0.01607320738380647,-0.5227050900939021,-0.3371265834327028,-0.5765835277778376,-0.23224429821036616,N
145,0.3625317782238336,0.41011885675081,0.2401251159892236,-0.4511913667979312,0.8628769230251155,-0.4564021549392081,-0.6875519295562084,0.555458554135306,-0.7100945894667086,-0.5933898248912078,-0.4799224974234674,0.6674390665577972,0.6899145533477091,-0.7916002252044705,-1.1593171381348095,-0.8518161396270536,0.4042301344767271,-0.6569021620783955,-0.7949344531624374,P
146,-0.07071681111161915,0.4076251679349945,-0.104990821798019,-0.2879534505153491,0.5276347270232596,-0.3281867574610192,-0.4220960104265332,0.5073783970379988,-0.4046212635524449,-0.5003447146150442,-0.3715846109887154,0.6646980100649056,0.5460400290613926,-0.6411232263233748,-1.2944030999162772,-0.636284212239195,0.19802222839859976,-0.07243587092140323,-0.5582454603892276,N
147,-0.8406367597359563,1.085183336987913,-1.4277466898591709,1.4512579232652936,-1.155323307041025,1.5027221810841644,0.2711143712138887,-1.0681387281244277,1.1665845271043274,1.372024682257544,1.3033929328991625,-0.5099887385781385,-1.526986710112402,0.5769247156730407,1.190310141397156,1.0602127547979767,-1.4357790036958558,1.5696574830519985,1.2279351795087308,N
148,0.2416049581070725,0.6878618833411977,-0.4684394534491343,0.13943742540985982,0.11852513969607904,0.3291746036183619,-0.8207958043898077,0.4124791817782727,-0.35338674894739386,-0.07202295409746493,-0.106174504680907,0.5293127687611382,-0.3060832748407778,-0.617854688586092,-0.3933851891927847,-0.39404066878389854,-0.4360054763145592,0.6413539256219529,-0.14178737166747518,P
149,1.1892847761511645,0.10948824894554778,-0.21659975771750625,-0.6244981117163741,0.9530668869364344,-0.9005937353101022,-1.0870752888488435,0.8919904756877591,-0.6265228385175838,-0.8059973954296638,-1.0816655778509618,1.333431725445119,0.8821824807866151,-1.1674607900498752,-1.0760297936923626,-1.1114085440791897,-0.14657377365493535,-0.056835307548687534,-0.5552976192820539,N
150,-0.23993978124938675,0.6660749222149214,-0.27452473251594833,-0.2441627370461235,0.4960605553183815,-0.16674394130787154,-0.7006608854139946,0.7816975258885409,-0.6684445029516096,-0.6283973940264174,-0.32661671484454063,0.8042882665759343,0.30579215742945903,-0.8347053390269444,-1.3271980488177162,-0.6744034578097245,0.15034271072499691,0.14033749164730328,-0.8447276749233518,N
151,1.4605178407265458,-0.21849967231860126,0.094887696805923,-1.2347876495573331,1.7042328599039145,-1.2224807141007263,-1.1360861578663255,0.8443411176361006,-0.6400626364522369,-1.0386874415394165,-1.5692851726708053,1.3905838386475144,1.811732991546301,-1.367395663043171,-1.6916163987153707,-1.7338098856535769,0.3974499111432741,-0.34240812594290343,-0.9226423270054354,N
152,1.1168211414456082,0.07073675885142024,0.1963507170221432,-1.030094669937207,1.525415957354309,-1.0581514486213317,-1.1816109230277052,0.8482427925747583,-1.1606544530637322,-0.9668268566741872,-1.3240943319836052,1.223888759248003,1.545260208368048,-1.3375602079628393,-1.5471588222700343,-1.5733607016422502,0.4003897616068247,-0.4850060062712053,-0.9927219859606112,N
153,-0.09303098110620726,0.9738486827674974,0.007702336983901241,-0.2974618667793446,0.6159731339620328,-0.06773923441570243,-0.9250971157720964,0.9566242829452166,-0.8077965245485398,-0.7936962843304022,-0.3378199395144738,0.6851556712998805,0.13650736727360152,-0.9644410676173796,-1.4762470879477323,-0.8295295322706809,0.28065715099698635,-0.19782961576803332,-1.1169765461459007,N
154,1.460620078501956,0.25906746137369113,-0.041597569574970815,-0.5513993566462224,1.2393373232317069,-1.134306585737832,-1.2123253720215679,0.4758668192607353,-1.3817922117314887,-0.6250635624846783,-0.9704467206016031,1.3542747313085342,1.2124018933989171,-1.2096859483553302,-0.4991096672792078,-1.1408213393343531,-0.17419204358273233,-0.8290305744586085,-0.6243619811534526,N
155,0.2993087878758784,0.7061093002330627,-0.06508172489237593,-0.3783878620026835,0.8692568238554159,-0.2728939034061857,-1.0036114017500972,0.9216369851294124,-0.6986497117908023,-0.8110698423949242,-0.5268625785750335,0.7540880647404689,0.4379403206248659,-1.02117814573541,-1.3424159174086572,-1.0124643825227333,0.20384396660779205,-0.30279387582027634,-0.9424005548409242,P
156,-0.2602944918871766,1.0705353972133258,-1.4213101281798242,1.1737763701093435,-0.7789517618207791,1.1162681957128058,-0.03418445173778297,-0.8635765072468172,1.0099041225682184,1.0668510146217192,0.909525156667062,0.025349288773698686,-1.083283911226991,0.193978740246474,0.8254542419278621,0.6293933354282926,-1.4125223422357835,1.4056785662737332,0.9990875682935259,N
157,1.0435880142169136,0.40607086496870615,0.11752464905737944,-0.8068276548542275,1.2867684627700549,-0.7497997040005575,-1.4201474928908049,1.043983823847124,-1.0236939998335368,-0.9320732810180958,-1.1065613884660772,1.245377919535777,0.9619345639489296,-1.394961680665895,-1.3203148851139936,-1.3512420715696312,0.1971477529045691,-0.3986736056806499,-1.0192307525470568,N
158,-0.929223869807959,1.2796113845986312,-1.8338269720343887,1.6514225992706992,-1.3704874667733686,1.7358565071015135,0.3199574244311424,-1.0516017234614052,1.7653757566268178,1.3654194317462571,1.3499931730252719,-0.6173259843684535,-1.7343448662251948,0.58033848141072,0.9578964914005109,1.0204889721875756,-1.6838906752310507,2.2519799465843526,1.457465641251919,N
159,0.6157466008829802,0.6126419088482602,-0.4739468824269604,-0.19119413347742714,0.7428369633142087,-0.1453638035007096,-1.2125614201237405,0.9048960653819106,-0.3660829747709194,-0.7110977433361706,-0.3898296650872656,0.8497864399859397,0.011728879293974984,-1.056340678881469,-0.7138928400915149,-0.8407404853977475,-0.2909625834607387,-0.195643673447128,-0.6801029653157145,P
160,0.820165866096237,0.566593895273309,-0.11527554102086235,-0.5248542340435728,1.1461077471051744,-0.5740765506566896,-1.2410877376253548,0.7068642161521826,-1.0700693293081778,-0.7088490426753651,-0.7338913447473594,1.1708303532754918,0.8366969080235801,-1.195348464791086,-1.0422169406301398,-1.1400431758298006,0.004003117942584611,-0.4982746687975984,-0.8929519411855464,N
161,1.6735215745294525,0.3008312227153116,-0.5808457868259825,-0.017837241617588397,0.7196115782656075,-0.6385672827328183,-1.0152712251560412,-0.07479597320748026,-0.3975897506922488,0.10528879036286164,-0.6310235404430617,1.2972064546268545,0.667290803551189,-0.8795627477982484,0.1099622429898484,-0.6761047146536479,-0.974106228876164,-0.06176237157449435,0.4035388194136449,N
162,1.1252385301917402,0.6437652343758984,-0.940671509990168,0.4760711072378874,0.12455324264768383,0.017255158603431086,-0.6036816737487539,-0.233493847766002,0.7893002582705071,0.2831729544856048,-0.026005672558424512,0.7843686145248238,-0.17396190180693094,-0.4725081923973469,0.30467490647681666,-0.18012336093951667,-1.1708946715248532,0.4647016791286723,0.6421104702110789,N
163,0.4638480159953598,0.8367831587672308,-0.6791646426682955,0.2828933347884686,0.06478755537494288,0.1205979378697658,-0.8302858647323109,0.13351891550157025,-0.5238117809882431,0.10531935388657884,-0.170387234229681,0.7927842381028888,-0.079673012456017,-0.6829349386492349,-0.20095784201307187,-0.3675186024550945,-0.7473862404379179,0.8437541483771498,0.09600427612592913,N
164,-0.12846430828984534,1.4426291571096597,-0.8544014061452864,0.8164290092281985,-0.3807086159956149,1.0449285293340596,-0.7495320999282417,-0.017808940601518268,0.28941610274895313,0.2909467826683498,0.7088925561831355,0.07607660336472909,-1.2515384237037277,-0.35450980236335594,0.14375790828084314,0.1202362244810682,-0.922569180397646,0.6628925602558652,0.08390786867170141,N
165,1.642978812108154,0.15788526454507745,-0.14062290369624372,-0.8345932321458331,1.3559346866704092,-1.083471569234295,-1.2062369463830696,0.5969301126379715,-0.6219033593213674,-0.7766470596932381,-1.3365523803572892,1.519552247436671,1.4534708324514758,-1.318916491174458,-1.5023163659216754,-1.498897108239762,-0.22946497555705264,-0.3268182253868137,-0.4382125616906489,N
166,0.3294100962187496,1.0426850962222842,-0.4062524484558774,0.1071082833777038,0.40523383930563983,0.1489328903966606,-0.9891074209204506,0.4526931522686895,-0.4571406010361453,-0.3284394035903673,-0.06800229074698164,0.6506194945977029,-0.15361085076290965,-0.8395966664185464,-0.607478022522251,-0.5834406215064201,-0.3573890892108592,-0.007859245925361243,-0.5047241675818861,N
167,0.6002119209889433,0.7835218532860931,-0.10165382327940264,-0.553790527666031,0.931987420805739,-0.42937883254751497,-1.2953318848442592,0.9905917030828176,-1.1172325686234912,-0.8898527587047944,-0.8287551866400007,1.1247960177401592,0.6100948740727223,-1.2919635167774266,-1.675993760397498,-1.2406238256613515,0.025015637575569412,-0.095838356062887,-0.9804007407355559,N
168,-0.13459984165074956,1.0195841846969482,-1.304833380893742,0.9814969071446864,-0.40864081118513135,1.0623784042838604,-0.3843918408253121,-0.6615178684329249,0.6384297114380201,0.9579565902461236,0.6677296627962862,0.04907412493393614,-0.8117931708597561,-0.07149748668555307,0.38177239278462255,0.22266941771012472,-1.3621441998346515,1.1146789163504491,0.9866344231018516,P
169,-0.1580687920280851,0.9517525264211408,-0.4466162303108454,-0.1082752677311567,0.6236748738365169,0.013528192971036598,-0.7476502970012125,0.5342072422762071,-0.5310154371562338,-0.4015112089133892,-0.26130943282908003,0.887437274086878,0.39515548284292384,-0.8515880805770766,-1.4947720679341494,-0.7657776511013161,-0.08683282469595448,0.2936667215613451,-0.6138608123788087,N
170,1.5035422054168437,0.21439598719952704,-0.1880555786563757,-0.9451045421676164,1.6169719657274144,-1.08175168347436,-1.4438165682856967,0.8944364889800365,-0.9077797198586364,-0.8961161008817241,-1.4379242448410992,1.6465958435544576,1.5436247369054954,-1.5423252400235157,-1.4058569499882159,-1.6454433076117798,0.029540865141332126,-0.1240256412384192,-0.8708239504699694,N
171,-0.5148860636250929,1.1945716539056448,-1.811211646725752,1.5882471696182852,-0.9548854702579412,1.195361138532614,0.3398705359124156,-1.528892392918764,1.2616380361236663,1.5999168747579546,1.0883823003377888,-0.3196579408527665,-0.8647915642187893,0.4676196889280646,0.8529309564839209,0.7586525509945107,-1.847919365638551,1.7710037595994164,1.7990234674502872,N
172,-1.1337295396361136,1.6497017685403208,-1.786350935617517,1.558518844686731,-1.0106070856722136,1.530580644301992,0.15179643523520908,-0.8949092615363393,0.9961398639864829,1.2116020552008175,1.208192368000711,-0.2677910067017237,-1.2697837400959626,0.3023050953968074,0.27809584467819104,0.6895993546426508,-1.5019066115321729,2.085992041722797,1.0855999474487676,N
173,0.013590572190206773,1.5123346681411078,-1.7427721840528312,1.4018429748151895,-0.6472369576225886,1.3913584246422015,-0.5220361789308234,-0.7306450140650718,1.293795164825747,1.046459031499358,1.061041221850968,0.04893368223401904,-1.5175718275653938,-0.06109990270210945,0.9890461773597841,0.5284956227912256,-1.8445903544762563,1.35861829691346,1.052693111756111,N
174,-1.1195355111661445,1.3498523509432432,-2.2271570321103944,1.782333045192274,-1.2159218994899603,1.4343059523517927,0.4206360967053268,-1.488193303024527,1.1832438086528283,1.6677761698658942,1.3399953711146757,-0.30260667050451723,-1.112703801954018,0.5059101794433598,0.7031825756373801,0.9149360313372594,-1.9280468876158432,2.2918062786142244,1.7172483485734051,N
175,-0.186907511891458,1.4778663120092543,-1.7624238777547572,1.3166513170205476,-0.6449410166320662,1.178997705520293,-0.4588180702684197,-0.6169379045354645,0.9682007025512914,0.9135993323786136,0.9311843504749078,0.20396539450048945,-1.2610656690225646,-0.13243380180655198,0.7109327222921233,0.4508727018099886,-1.7031235845160957,1.4456776904284336,0.8856918749568259,N
176,-0.7365924661424993,1.5358511349430954,-1.5857423197217142,1.7148112594589755,-0.8230439310011488,1.2097556389180402,0.4476729276603184,-1.8840513638496972,0.9469976886653718,1.7569710195214878,1.3078192427481086,-0.6283413924285212,-0.6540795406050398,0.5619149792639201,0.4980105313080803,0.6778735938391772,-1.776628079770566,1.0110819666545798,1.8522914675969957,P
177,-0.8130368974668541,1.758728412475934,-1.9430856201493545,1.8506753910274985,-1.1206827330105802,1.7733756684910478,0.3057003490441747,-1.5404886773028432,1.714814544664681,1.603587036546105,1.5588031793583763,-0.6195977959888139,-1.4705495817839147,0.5677025231583375,0.7134290433689772,0.856911373657473,-1.8942184276838956,1.7200721736999245,1.5896774766883373,P
178,0.32845003972810005,1.3629094348207298,-1.5675869952426396,1.1295039952111765,-0.355386788955158,0.8246616061143144,-0.4567961467904101,-0.6107667027561902,1.2421141285718549,0.7343613879110077,0.6780372077097605,0.3321309798050344,-0.8967342173621249,-0.22565902518745284,0.4638641007381594,0.20011344939211326,-1.6311648443859137,0.9721580185895904,0.9074856236225164,N
179,0.5341688727822471,1.1614646620278064,-0.6562908996502084,-0.012508314185256482,0.6640740960529493,-0.2015913983202183,-1.4609489398482272,1.007275975042322,-1.132056826367602,-0.6028253296534846,-0.5472128045051786,1.2377827589400847,0.1194375554767393,-1.3550403430771822,-0.9308852749130421,-0.954749743748077,-0.4512164631370935,0.4907420845484231,-0.7377458371104445,N
180,0.31475634949467385,1.0322928464753292,-0.5769410384123763,-0.2638465868927945,0.9802209587271647,-0.15891316600033675,-1.2540128967631057,0.7712646511472627,-0.7263897646509359,-0.6867848938211424,-0.4767779650424148,1.1830191011364102,0.5421204587276217,-1.278687212815885,-1.5918918156055302,-1.169657366456772,-0.16472473592948822,0.04231374324888648,-0.8800194685581993,P
181,-0.011521175806950805,1.1646545054187412,-0.6482076837153745,-0.1473920361268408,0.7018847955906712,-0.1371541748625711,-1.1847322698943392,0.9487981381864709,-0.7653590100439442,-0.6733033773785301,-0.4825830282395546,1.1719152408531237,0.3578093434055236,-1.2765156164078109,-1.7042470355518509,-1.0173125762739648,-0.16676296661771062,0.4745577291163303,-0.8725365651315409,N
182,0.7975451767482311,1.1559251917200788,-1.3860075659773352,0.8608859664087206,-0.024124952802287,0.35274921963098793,-0.8167425034495472,-0.43069742218784496,0.2575806076528554,0.7066639823533107,0.13606615421151708,0.8574974302045809,-0.2992498644178804,-0.570717489519995,0.4867971645984718,-0.11403779304821494,-1.5785912005440932,1.1678701254103143,0.8725327098262702,N
183,1.0777895451235888,0.9528013555509064,-0.3950754841660036,-0.5353896119087624,1.2493308580852045,-0.4687053083419683,-1.7423815971326242,1.159034830069586,-0.7271966026465071,-1.007894469839337,-0.927680548824134,1.3805461538327182,0.5709831831409213,-1.6577538258001274,-1.551453855310807,-1.4837918683764282,-0.2433088047675276,-0.24823639641473635,-1.0099879545929742,N
184,0.14381494260832084,1.7105248325084377,-1.443472829883843,1.1856694791008706,-0.2759511186808073,0.9188062001823376,-0.6257204797855088,-0.4679295364516081,0.8297315258798902,0.5801610226760253,0.833208490853322,0.2355814738384853,-1.0506402381563469,-0.3325131206352609,0.3285366080721546,0.1306173044967376,-1.4762709065578492,0.6967189099763503,0.5566702713728542,N
185,0.3856896500203436,1.6846754511404003,-1.363836864805685,1.1082312957816858,-0.1133382850412382,0.7260566261838031,-0.8713944542718434,-0.3513096941870805,0.3395612902890237,0.5704628250018011,0.6693986572858164,0.4810431570689645,-0.9246409535478908,-0.5263507500313237,0.4889609267136986,0.03755108325030268,-1.5022193882292292,0.5451251109772797,0.4778034273966867,N
186,-0.09077292710130992,1.656550556299682,-1.8909569498962548,1.6184690617090325,-0.7607666300961915,1.1875540231967017,-0.0946189264667284,-1.1977566681883185,1.3348620248578107,1.4115587301675832,0.97406141023598,0.06273503073544098,-1.0227992847680814,0.11972469275051476,0.7714025841206068,0.5653428866368745,-2.0010804512446203,1.7698736264792707,1.5440286909258267,N
187,-1.105612837625202,1.8593089198749104,-2.28364349662043,1.812363465234777,-1.1629495358445423,1.8352939099687515,0.10011048856023637,-1.0702753271116838,1.6031371962326764,1.4243902801724446,1.3603915601699823,-0.2672043788171,-1.540082116104576,0.31466212779207464,0.3890986047940233,0.7672960672299728,-1.9685383489135035,2.521913423143547,1.419721269630969,N
188,1.3386948806199228,1.2489113572231436,-0.8033072208306915,0.2529373282335563,0.8369342074965829,-0.31217348224685065,-1.3416411981267558,0.2121378295576969,-0.3196661918244389,-0.19641638186499996,-0.3309353240477133,1.2137945202862248,0.29013273241133264,-1.1609420819980645,-0.3014947824989206,-0.8519814252037101,-0.9808303820152504,-0.1904731464459824,-0.12072482830886687,N
189,1.2317391674523357,0.9821156932303854,-0.8084416842643161,-0.2000434866176175,1.0875654394633438,-0.46991609742312496,-1.6484580514651808,0.8456458057478335,-0.5995858900279932,-0.6942708025523499,-0.7645188891411692,1.4813013522340412,0.5067410450572015,-1.5343822939787222,-1.0281036153862142,-1.276722682814496,-0.6949317912287764,0.046101223767403804,-0.5722501674976228,P
190,1.3513066566373957,0.8818007466673395,-0.3768877714825911,-0.7559519776806282,1.460501109716971,-0.9721936254029212,-1.7130456932814389,1.0301980674189737,-1.4442026879845786,-1.07821500747112,-1.4439642356200315,1.7197511979790203,1.4206005936870605,-1.806628036246218,-1.9340168452942987,-1.8592743933393872,-0.17063736405303495,0.28493911037498715,-1.006397395916264,N
191,0.7905082790212792,1.210736360027677,-0.6491998976006358,-0.19826616171250286,1.1175984376790868,-0.16574255954164646,-1.4955386478820536,0.7920056007079896,-0.3322785202138919,-0.7526943559104048,-0.4948474573615866,1.2058542787887279,0.39442717855806897,-1.4284529068485363,-1.5574785843916181,-1.2965366455662732,-0.43919484338706055,-0.28481455272834605,-0.7521773753782521,P
192,0.8566156352921156,1.4041816071988549,-0.6881715237364047,-0.010305674665666006,0.8179534191800074,-0.10466395732775548,-1.4393808688726508,0.6027796198007771,-0.3393677927782009,-0.5715190687607459,-0.3958639924711291,1.2087706854880225,0.20188501200432166,-1.3471099826758337,-1.2195326738595968,-1.0818165433169529,-0.6220985434355646,-0.024297895885834076,-0.614288119870595,N
193,1.1398752887138222,0.9611545387831236,-0.5846091001005387,-0.4085531395935231,1.3672483646249098,-0.5042177857996692,-1.2800361777577276,0.4698706593074409,-0.3572435370663513,-0.5862982743004475,-0.8427557608840432,1.4974172259403753,1.1487359795152219,-1.3867931530792366,-1.6856731704702117,-1.4952681293542105,-0.3423681765541155,-0.013389441349791666,-0.582300212671995,N
194,1.0126362938008,1.3965715010814168,-1.5429085233092974,0.9687293046525044,0.15902827064233496,0.33952143951424474,-1.1125934906608321,-0.3923604796628795,0.3475658182516768,0.5368095462224838,0.3188470734450161,0.8231155797402383,-0.517790534767154,-0.7708763831028881,0.5796232132368626,-0.2220798700270516,-1.7890044627628081,0.4944197152384851,0.7502091687089882,N
195,0.8954562432433197,1.541763494684811,-1.4144911861469442,0.8940798108874065,0.20054121369865485,0.2870927211037572,-1.113676324136564,-0.2040981818927397,0.09267884786452428,0.3758199410843959,0.24791366080729146,0.9288616663849644,-0.4268715861955315,-0.8287362308008577,0.3472569518355322,-0.3021970459314446,-1.5372715231164795,0.6173959691059541,0.42675720662014105,N
196,1.4568124257749917,1.1133626501764675,-0.5389654327266451,-0.4168036122850241,1.4789624040629656,-0.7842104420752289,-1.615901690502324,0.7306697389654377,-0.7548355800548059,-0.7763961762895234,-0.9799239069028772,1.7278962978770265,1.073817331137374,-1.6525584997220617,-1.3298539494872714,-1.5169608007351683,-0.457127018208613,-0.34747352945735793,-0.8113936892469835,N
197,-0.3363324675084071,2.1171754013112114,-1.9423397787157268,1.7656312014566122,-0.7936049591124593,1.3285581226454053,-0.3882984438680113,-0.9351814584744524,0.8702573118678427,1.2372999441852703,1.1307023855763725,0.020369134597148196,-1.3219758232105852,-0.07987544999845157,0.6067834550255714,0.5011463844081944,-1.9834233142973423,1.7628101759826151,1.2156929629558724,N
198,-0.6776334022344321,1.9180146513777883,-2.525130959742703,1.8895941362484243,-1.0874306826239135,1.8580764658221196,-0.04656345450989703,-1.2514717534407005,2.1276834222814482,1.5453220020040126,1.376561547414216,-0.0965350649886153,-1.6005456366325232,0.20739825184416796,0.4522694565050943,0.7207609716121158,-2.3248028605158995,2.509897360616149,1.7093490932853823,N
199,1.6523144483059549,0.9160447499750712,-0.6408794236705422,-0.7813120977088137,1.7597646236162532,-1.1007403696548217,-1.9803530552225432,1.0538312435148112,-1.2406938060691086,-1.0892917585779611,-1.4354283030196797,2.08949288309097,1.4753218040797842,-2.024668810555851,-1.7469615069760576,-1.9258529810883411,-0.3817821742396999,-0.1280601813029652,-1.1168212953665921,N
